<?xml version="1.0" encoding="UTF-8"?>
<config date="1563148546466" transient="false">
	<site updateable="true" url="platform:/base/" enabled="true" policy="USER-EXCLUDE">
		<feature id="org.eclipse.ecf.core.ssl.feature" version="1.1.200.v20190502-0212" url="features/org.eclipse.ecf.core.ssl.feature_1.1.200.v20190502-0212/">
		</feature>
		<feature id="org.eclipse.ecf.filetransfer.ssl.feature" version="1.1.100.v20180301-0132" url="features/org.eclipse.ecf.filetransfer.ssl.feature_1.1.100.v20180301-0132/">
		</feature>
		<feature id="org.eclipse.ecf.filetransfer.httpclient45.feature" version="1.0.0.v20190530-1947" url="features/org.eclipse.ecf.filetransfer.httpclient45.feature_1.0.0.v20190530-1947/">
		</feature>
		<feature id="org.eclipse.ecf.core.feature" version="1.5.3.v20190423-0625" url="features/org.eclipse.ecf.core.feature_1.5.3.v20190423-0625/">
		</feature>
		<feature id="org.eclipse.equinox.p2.core.feature" version="1.6.300.v20190708-1747" url="features/org.eclipse.equinox.p2.core.feature_1.6.300.v20190708-1747/">
		</feature>
		<feature id="org.eclipse.equinox.core.feature" version="1.10.0.v20190708-1505" url="features/org.eclipse.equinox.core.feature_1.10.0.v20190708-1505/">
		</feature>
		<feature id="org.eclipse.ecf.filetransfer.feature" version="3.14.5.v20190423-0614" url="features/org.eclipse.ecf.filetransfer.feature_3.14.5.v20190423-0614/">
		</feature>
	</site>
</config>
